timestamp,session_id,message_type,user_message,assistant_response,response_time_ms,user_ip,message_length,voice_generated,voice_voice_name,error_message,client_agent,processing_status
"2025-08-28T20:24:22.334230","f3cc3340-3446-40d9-9a81-a33c162e59fb","chat","1+1","That's easy! 1 + 1 = 2","1864.91","::1","3","False","","","Mozilla/5.0 (Windows NT 10.0; Win64; x64) AppleWebKit/537.36 (KHTML, like Gecko) Chrome/139.0.0.0 Safari/537.36 Edg/139.0.0.0","success"
"2025-08-28T20:24:53.976842","f3cc3340-3446-40d9-9a81-a33c162e59fb","chat","llm?","LLM stands for Large Language Model. I am an LLM! How can I help you learn more about them?","1397.7","::1","4","False","","","Mozilla/5.0 (Windows NT 10.0; Win64; x64) AppleWebKit/537.36 (KHTML, like Gecko) Chrome/139.0.0.0 Safari/537.36 Edg/139.0.0.0","success"
"2025-08-28T20:24:53.988113","f3cc3340-3446-40d9-9a81-a33c162e59fb","voice_request","","LLM stands for Large Language Model. I am an LLM! How can I help you learn more about them?","0","::1","91","False","Echo","Failed to generate voice","Mozilla/5.0 (Windows NT 10.0; Win64; x64) AppleWebKit/537.36 (KHTML, like Gecko) Chrome/139.0.0.0 Safari/537.36 Edg/139.0.0.0","error"
"2025-08-28T20:28:00.762240","c606d31e-bd38-4984-87ae-80ab6516483d","chat","1+1","1 + 1 = 2! üòä","1660.8","127.0.0.1","3","False","","","Mozilla/5.0 (Windows NT 10.0; Win64; x64) AppleWebKit/537.36 (KHTML, like Gecko) Chrome/139.0.0.0 Safari/537.36 Edg/139.0.0.0","success"
"2025-08-28T20:28:00.770497","c606d31e-bd38-4984-87ae-80ab6516483d","voice_request","","1 + 1 = 2! üòä","0","127.0.0.1","12","False","Echo","'GeminiVoiceService' object has no attribute 'generate_speech'","Mozilla/5.0 (Windows NT 10.0; Win64; x64) AppleWebKit/537.36 (KHTML, like Gecko) Chrome/139.0.0.0 Safari/537.36 Edg/139.0.0.0","error"
"2025-08-28T20:29:11.928538","991154cf-03ce-4c0c-bac9-ae5dd149f589","chat","1=1","That's correct! 1 does indeed equal 1. üòä Is there anything else I can help you with?","1300.93","::1","3","False","","","Mozilla/5.0 (Windows NT 10.0; Win64; x64) AppleWebKit/537.36 (KHTML, like Gecko) Chrome/139.0.0.0 Safari/537.36 Edg/139.0.0.0","success"
"2025-08-28T20:29:11.934438","991154cf-03ce-4c0c-bac9-ae5dd149f589","voice_request","","That's correct! 1 does indeed equal 1. üòä Is there anything else I can help you with?","0","::1","84","False","Echo","'GeminiVoiceService' object has no attribute 'generate_speech'","Mozilla/5.0 (Windows NT 10.0; Win64; x64) AppleWebKit/537.36 (KHTML, like Gecko) Chrome/139.0.0.0 Safari/537.36 Edg/139.0.0.0","error"
"2025-08-28T20:30:30.978895","991154cf-03ce-4c0c-bac9-ae5dd149f589","chat","1+1","1 + 1 = 2 üòä","781.72","::1","3","False","","","Mozilla/5.0 (Windows NT 10.0; Win64; x64) AppleWebKit/537.36 (KHTML, like Gecko) Chrome/139.0.0.0 Safari/537.36 Edg/139.0.0.0","success"
"2025-08-28T20:48:29.285262","fb1c74ed-125f-4aa2-9e6a-33220a758ff5","chat","1+1","2","1591.05","::1","3","False","","","Mozilla/5.0 (Windows NT 10.0; Win64; x64) AppleWebKit/537.36 (KHTML, like Gecko) Chrome/139.0.0.0 Safari/537.36 Edg/139.0.0.0","success"
"2025-08-28T20:48:42.261402","fb1c74ed-125f-4aa2-9e6a-33220a758ff5","chat","1+1","2","1873.19","::1","3","False","","","Mozilla/5.0 (Windows NT 10.0; Win64; x64) AppleWebKit/537.36 (KHTML, like Gecko) Chrome/139.0.0.0 Safari/537.36 Edg/139.0.0.0","success"
"2025-08-28T20:48:42.265439","fb1c74ed-125f-4aa2-9e6a-33220a758ff5","voice_request","","2","0","::1","1","False","Kore","'GeminiVoiceService' object has no attribute 'generate_speech'","Mozilla/5.0 (Windows NT 10.0; Win64; x64) AppleWebKit/537.36 (KHTML, like Gecko) Chrome/139.0.0.0 Safari/537.36 Edg/139.0.0.0","error"
"2025-08-28T20:48:53.921495","fb1c74ed-125f-4aa2-9e6a-33220a758ff5","chat","markytics.ai","markytics.ai appears to be a website, but I can't access it to give you specific information. You can visit the site directly to learn more!","1415.65","::1","12","False","","","Mozilla/5.0 (Windows NT 10.0; Win64; x64) AppleWebKit/537.36 (KHTML, like Gecko) Chrome/139.0.0.0 Safari/537.36 Edg/139.0.0.0","success"
"2025-08-28T20:48:53.927319","fb1c74ed-125f-4aa2-9e6a-33220a758ff5","voice_request","","markytics.ai appears to be a website, but I can't access it to give you specific information. You can visit the site directly to learn more!","0","::1","140","False","Kore","'GeminiVoiceService' object has no attribute 'generate_speech'","Mozilla/5.0 (Windows NT 10.0; Win64; x64) AppleWebKit/537.36 (KHTML, like Gecko) Chrome/139.0.0.0 Safari/537.36 Edg/139.0.0.0","error"
"2025-08-28T21:16:52.369478","66b4e7ac-2002-480b-afd5-a5fb2984cbc8","chat","1+1","1 + 1 = 2! üòä","1080.99","127.0.0.1","3","False","","","Mozilla/5.0 (Windows NT 10.0; Win64; x64) AppleWebKit/537.36 (KHTML, like Gecko) Chrome/139.0.0.0 Safari/537.36 Edg/139.0.0.0","success"
"2025-08-28T21:21:03.267876","53cf49aa-a20d-4372-b4a0-766fdba82fce","chat","1+1","1 + 1 = 2! üòä","878.63","127.0.0.1","3","False","","","Mozilla/5.0 (Windows NT 10.0; Win64; x64) AppleWebKit/537.36 (KHTML, like Gecko) Chrome/139.0.0.0 Safari/537.36 Edg/139.0.0.0","success"
"2025-08-28T21:21:15.192515","93eb1fca-0af9-4671-8424-bbe5e16f2bfe","chat","1+1","1 + 1 = 2! üòä","926.89","127.0.0.1","3","False","","","Mozilla/5.0 (Windows NT 10.0; Win64; x64) AppleWebKit/537.36 (KHTML, like Gecko) Chrome/139.0.0.0 Safari/537.36 Edg/139.0.0.0","success"
"2025-08-28T21:26:17.663592","fe3b8514-fb72-4a51-a1d1-5750ef849006","chat","1+1","1 + 1 = 2! üòä","4371.44","127.0.0.1","3","False","","","Mozilla/5.0 (Windows NT 10.0; Win64; x64) AppleWebKit/537.36 (KHTML, like Gecko) Chrome/139.0.0.0 Safari/537.36 Edg/139.0.0.0","success"
"2025-08-28T21:30:07.142082","8a6aa425-e5b4-439f-81fe-3294b5fec3d6","chat","hi","Hi there! How can I help you today?","908.27","127.0.0.1","2","False","","","Mozilla/5.0 (Windows NT 10.0; Win64; x64) AppleWebKit/537.36 (KHTML, like Gecko) Chrome/139.0.0.0 Safari/537.36 Edg/139.0.0.0","success"
"2025-08-28T21:30:48.167922","0ed5cc1d-e61f-4f01-aa6d-9155e72f3e86","chat","1+1","1 + 1 = 2! üòä","887.33","127.0.0.1","3","False","","","Mozilla/5.0 (Windows NT 10.0; Win64; x64) AppleWebKit/537.36 (KHTML, like Gecko) Chrome/139.0.0.0 Safari/537.36 Edg/139.0.0.0","success"
"2025-08-28T21:32:25.343139","8d51eb45-5504-4ef1-9ed9-e9b2db025743","chat","1+2","That's easy! 1 + 2 = 3","814.12","127.0.0.1","3","False","","","Mozilla/5.0 (Windows NT 10.0; Win64; x64) AppleWebKit/537.36 (KHTML, like Gecko) Chrome/139.0.0.0 Safari/537.36 Edg/139.0.0.0","success"
"2025-08-28T21:32:25.357998","8d51eb45-5504-4ef1-9ed9-e9b2db025743","voice_request","","That's easy! 1 + 2 = 3","0","127.0.0.1","22","False","Kore","Failed to generate voice","Mozilla/5.0 (Windows NT 10.0; Win64; x64) AppleWebKit/537.36 (KHTML, like Gecko) Chrome/139.0.0.0 Safari/537.36 Edg/139.0.0.0","error"
"2025-08-28T21:33:27.759020","95880781-23ca-427f-b137-69ca6a18fefb","chat","1+1","2","706.75","127.0.0.1","3","False","","","Mozilla/5.0 (Windows NT 10.0; Win64; x64) AppleWebKit/537.36 (KHTML, like Gecko) Chrome/139.0.0.0 Safari/537.36 Edg/139.0.0.0","success"
"2025-08-28T21:36:58.024389","9435c00c-4c3d-45cf-b6a4-effead648518","chat","1+1","1 + 1 = 2! üòä","735.83","127.0.0.1","3","False","","","Mozilla/5.0 (Windows NT 10.0; Win64; x64) AppleWebKit/537.36 (KHTML, like Gecko) Chrome/139.0.0.0 Safari/537.36 Edg/139.0.0.0","success"
"2025-08-29T10:13:21.227098","e106c643-56c1-4d70-81ba-bcc91c634e01","chat","Hii","Hi there! How can I help you today?","1100.07","::1","3","False","","","Mozilla/5.0 (Windows NT 10.0; Win64; x64) AppleWebKit/537.36 (KHTML, like Gecko) Chrome/139.0.0.0 Safari/537.36","success"
"2025-08-29T10:13:26.650489","e106c643-56c1-4d70-81ba-bcc91c634e01","chat","what is 1 + 1","1 + 1 = 2","667.49","::1","13","False","","","Mozilla/5.0 (Windows NT 10.0; Win64; x64) AppleWebKit/537.36 (KHTML, like Gecko) Chrome/139.0.0.0 Safari/537.36","success"
"2025-08-29T10:29:31.212296","decaa898-78d2-4559-9fcd-114989154d79","chat","Hii","Hi there! How can I help you today?","942.99","::1","3","False","","","Mozilla/5.0 (Windows NT 10.0; Win64; x64) AppleWebKit/537.36 (KHTML, like Gecko) Chrome/139.0.0.0 Safari/537.36","success"
"2025-08-29T10:31:17.151507","decaa898-78d2-4559-9fcd-114989154d79","chat","who is the prime minister of india","The current Prime Minister of India is Narendra Modi.","781.22","::1","34","False","","","Mozilla/5.0 (Windows NT 10.0; Win64; x64) AppleWebKit/537.36 (KHTML, like Gecko) Chrome/139.0.0.0 Safari/537.36","success"
"2025-08-29T10:31:17.159212","decaa898-78d2-4559-9fcd-114989154d79","voice_request","","The current Prime Minister of India is Narendra Modi.","0","::1","53","False","Kore","Failed to generate voice","Mozilla/5.0 (Windows NT 10.0; Win64; x64) AppleWebKit/537.36 (KHTML, like Gecko) Chrome/139.0.0.0 Safari/537.36","error"
"2025-08-29T12:39:51.375916","14840aae-6f92-4f0d-a01d-2c88a1e48edf","chat","Hii","Hi there! How can I help you today?","1161.23","::1","3","False","","","Mozilla/5.0 (Windows NT 10.0; Win64; x64) AppleWebKit/537.36 (KHTML, like Gecko) Chrome/139.0.0.0 Safari/537.36","success"
"2025-08-29T12:39:51.384041","14840aae-6f92-4f0d-a01d-2c88a1e48edf","voice_request","","Hi there! How can I help you today?","0","::1","35","False","Kore","Failed to generate voice","Mozilla/5.0 (Windows NT 10.0; Win64; x64) AppleWebKit/537.36 (KHTML, like Gecko) Chrome/139.0.0.0 Safari/537.36","error"
"2025-08-29T12:52:06.674641","38b90f39-0f90-4f25-a6d1-1b6573385d73","chat","Helloo","I apologize, but I encountered an error while processing your request. Please try again.","1739.15","::1","6","False","","","Mozilla/5.0 (Windows NT 10.0; Win64; x64) AppleWebKit/537.36 (KHTML, like Gecko) Chrome/139.0.0.0 Safari/537.36","success"
"2025-08-29T12:52:17.789038","38b90f39-0f90-4f25-a6d1-1b6573385d73","voice_request","","I apologize, but I encountered an error while processing your request. Please try again.","0","::1","88","True","Kore","","Mozilla/5.0 (Windows NT 10.0; Win64; x64) AppleWebKit/537.36 (KHTML, like Gecko) Chrome/139.0.0.0 Safari/537.36","success"
"2025-08-29T12:54:15.465784","5da6ee84-ea77-4c21-a079-c2a4c5960466","chat","Hello","Hi there! How can I help you today?","3499.87","::1","5","False","","","Mozilla/5.0 (Windows NT 10.0; Win64; x64) AppleWebKit/537.36 (KHTML, like Gecko) Chrome/139.0.0.0 Safari/537.36","success"
"2025-08-29T12:54:24.408281","5da6ee84-ea77-4c21-a079-c2a4c5960466","chat","Who is the pm of india","The current Prime Minister of India is Narendra Modi.","2070.13","::1","22","False","","","Mozilla/5.0 (Windows NT 10.0; Win64; x64) AppleWebKit/537.36 (KHTML, like Gecko) Chrome/139.0.0.0 Safari/537.36","success"
"2025-08-29T12:54:31.363916","5da6ee84-ea77-4c21-a079-c2a4c5960466","voice_request","","The current Prime Minister of India is Narendra Modi.","0","::1","53","True","Kore","","Mozilla/5.0 (Windows NT 10.0; Win64; x64) AppleWebKit/537.36 (KHTML, like Gecko) Chrome/139.0.0.0 Safari/537.36","success"
"2025-08-29T12:57:49.503093","f852d182-a2f9-415f-90eb-b79ff7474466","chat","what is 1 + 1","1 + 1 = 2","1930.87","::1","13","False","","","Mozilla/5.0 (Windows NT 10.0; Win64; x64) AppleWebKit/537.36 (KHTML, like Gecko) Chrome/139.0.0.0 Safari/537.36","success"
"2025-08-29T12:57:55.740422","f852d182-a2f9-415f-90eb-b79ff7474466","voice_request","","1 + 1 = 2","0","::1","9","True","Kore","","Mozilla/5.0 (Windows NT 10.0; Win64; x64) AppleWebKit/537.36 (KHTML, like Gecko) Chrome/139.0.0.0 Safari/537.36","success"
"2025-08-29T12:58:20.200666","7b256c78-3124-4a35-b561-43c698a1b540","chat","What is the capital of india","The capital of India is New Delhi.","2298.5","::1","28","False","","","Mozilla/5.0 (Windows NT 10.0; Win64; x64) AppleWebKit/537.36 (KHTML, like Gecko) Chrome/139.0.0.0 Safari/537.36","success"
"2025-08-29T12:59:28.609397","03e87c9f-abe1-407c-838e-eab1a110743b","chat","capital of india?","New Delhi is the capital of India.","2288.18","::1","17","False","","","Mozilla/5.0 (Windows NT 10.0; Win64; x64) AppleWebKit/537.36 (KHTML, like Gecko) Chrome/139.0.0.0 Safari/537.36","success"
"2025-08-29T12:59:35.378774","03e87c9f-abe1-407c-838e-eab1a110743b","voice_request","","New Delhi is the capital of India.","0","::1","34","True","Kore","","Mozilla/5.0 (Windows NT 10.0; Win64; x64) AppleWebKit/537.36 (KHTML, like Gecko) Chrome/139.0.0.0 Safari/537.36","success"
"2025-08-29T18:20:56.751783","92d379dd-a6a8-4646-bc37-c7143b203f73","voice_message","what is 1 + 1","1 + 1 = 2","2079.76","::1","13","True","Auto","","Mozilla/5.0 (Windows NT 10.0; Win64; x64) AppleWebKit/537.36 (KHTML, like Gecko) Chrome/139.0.0.0 Safari/537.36","success"
"2025-08-29T18:21:03.463297","92d379dd-a6a8-4646-bc37-c7143b203f73","voice_request","","1 + 1 = 2","0","::1","9","True","Kore","","Mozilla/5.0 (Windows NT 10.0; Win64; x64) AppleWebKit/537.36 (KHTML, like Gecko) Chrome/139.0.0.0 Safari/537.36","success"
"2025-08-30T16:42:48.551195","4e69a6d6-c700-4644-b9ee-730b43b212c3","chat","Helloo","Hi there! How can I help you today?","2273.44","::1","6","False","","","Mozilla/5.0 (Windows NT 10.0; Win64; x64) AppleWebKit/537.36 (KHTML, like Gecko) Chrome/139.0.0.0 Safari/537.36","success"
"2025-08-30T16:47:58.244416","14e0b4ab-e581-4926-a84f-a1e8f43f422f","chat","hii","Hi there! How can I help you today?","2887.76","::1","3","False","","","Mozilla/5.0 (Windows NT 10.0; Win64; x64) AppleWebKit/537.36 (KHTML, like Gecko) Chrome/139.0.0.0 Safari/537.36","success"
"2025-08-30T16:48:09.182737","14e0b4ab-e581-4926-a84f-a1e8f43f422f","chat","What is 2 + 2","2 + 2 = 4","2661.7","::1","13","False","","","Mozilla/5.0 (Windows NT 10.0; Win64; x64) AppleWebKit/537.36 (KHTML, like Gecko) Chrome/139.0.0.0 Safari/537.36","success"
"2025-08-30T16:48:24.728043","14e0b4ab-e581-4926-a84f-a1e8f43f422f","voice_message","who is the Prime Minister of India","The Prime Minister of India is Narendra Modi.","2474.59","::1","34","True","Auto","","Mozilla/5.0 (Windows NT 10.0; Win64; x64) AppleWebKit/537.36 (KHTML, like Gecko) Chrome/139.0.0.0 Safari/537.36","success"
"2025-08-30T16:48:31.307713","14e0b4ab-e581-4926-a84f-a1e8f43f422f","voice_request","","The Prime Minister of India is Narendra Modi.","0","::1","45","True","Kore","","Mozilla/5.0 (Windows NT 10.0; Win64; x64) AppleWebKit/537.36 (KHTML, like Gecko) Chrome/139.0.0.0 Safari/537.36","success"
"2025-09-01T11:20:45.358373","d2f28639-bd5f-435e-bd83-cee1b5a89581","chat","Hello","Hi there! How can I help you today?","1750.35","::1","5","False","","","Mozilla/5.0 (Windows NT 10.0; Win64; x64) AppleWebKit/537.36 (KHTML, like Gecko) Chrome/139.0.0.0 Safari/537.36 Edg/139.0.0.0","success"
"2025-09-01T11:21:24.979980","242753d9-fa1f-4589-a3f8-2b56767f5b2c","voice_message","Hello.","Hi there! How can I help you today?","1785.83","::1","6","True","Auto","","Mozilla/5.0 (Windows NT 10.0; Win64; x64) AppleWebKit/537.36 (KHTML, like Gecko) Chrome/139.0.0.0 Safari/537.36 Edg/139.0.0.0","success"
"2025-09-01T11:21:30.533597","242753d9-fa1f-4589-a3f8-2b56767f5b2c","voice_request","","Hi there! How can I help you today?","0","::1","35","True","Kore","","Mozilla/5.0 (Windows NT 10.0; Win64; x64) AppleWebKit/537.36 (KHTML, like Gecko) Chrome/139.0.0.0 Safari/537.36 Edg/139.0.0.0","success"
"2025-09-01T11:30:54.052890","f0239399-da36-4102-8a75-c4e22894208c","chat","`/summarize <text to summarize>`","Okay! Just paste the text you want me to summarize after the `/summarize` command. I'll do my best to give you a concise and helpful summary! üëç","2072.25","::1","32","False","","","Mozilla/5.0 (Windows NT 10.0; Win64; x64) AppleWebKit/537.36 (KHTML, like Gecko) Chrome/139.0.0.0 Safari/537.36 Edg/139.0.0.0","success"
"2025-09-01T11:32:17.954543","f0239399-da36-4102-8a75-c4e22894208c","chat","A Glimpse into Pune üèôÔ∏è Pune, often called the 'Oxford of the East,' is a bustling metropolis in the Indian state of Maharashtra. It's a city that beautifully blends modernity with a rich historical past, showcasing ancient temples and palaces alongside a thriving IT and automotive industry. Known for its pleasant climate and numerous educational institutions, Pune has also become a major cultural hub, famous for its classical music, theater, and vibrant culinary scene. This unique combination of tradition and progress makes it a dynamic and exciting place to live and visit.","Okay! Here's a summary of the text you provided:

/summarize Pune is a dynamic city in Maharashtra, India, known as the 'Oxford of the East'. It blends historical landmarks with modern industries, boasts a pleasant climate and many educational institutions, and is a major cultural center with a vibrant arts and culinary scene.","2165.64","::1","580","False","","","Mozilla/5.0 (Windows NT 10.0; Win64; x64) AppleWebKit/537.36 (KHTML, like Gecko) Chrome/139.0.0.0 Safari/537.36 Edg/139.0.0.0","success"
"2025-09-01T11:33:14.827771","f0239399-da36-4102-8a75-c4e22894208c","chat","`/flatten <JSON object>`","Okay! Just paste the JSON object you want me to flatten after the `/flatten` command. I'll do my best to return a flattened version! üëç","2045.92","::1","24","False","","","Mozilla/5.0 (Windows NT 10.0; Win64; x64) AppleWebKit/537.36 (KHTML, like Gecko) Chrome/139.0.0.0 Safari/537.36 Edg/139.0.0.0","success"
"2025-09-01T11:33:56.610724","f0239399-da36-4102-8a75-c4e22894208c","chat","{   ""userProfile"": {     ""id"": ""u12345"",     ""username"": ""test_user"",     ""isActive"": true,     ""personalInfo"": {       ""name"": {         ""firstName"": ""John"",         ""lastName"": ""Doe""       },       ""dob"": ""1990-05-15"",       ""details"": {         ""bio"": ""A sample user for testing purposes."",         ""interests"": [           ""coding"",           ""testing"",           ""AI""         ],         ""level1"": {           ""level2"": {             ""level3"": {               ""level4"": {                 ""level5"": {                   ""level6"": {                     ""level7"": {                       ""level8"": {                         ""level9"": {                           ""level10"": {                             ""deepestKey"": ""You found me!""                           }                         }                       }                     }                   }                 }               }             }           }         }       }     },     ""account"": {       ""type"": ""premium"",       ""createdAt"": ""2024-01-10T10:00:00Z"",       ""settings"": {         ""notifications"": {           ""email"": true,           ""sms"": false         },         ""theme"": ""dark""       }     }   } }","Okay, here's the flattened JSON:

```json
{
  ""userProfile.id"": ""u12345"",
  ""userProfile.username"": ""test_user"",
  ""userProfile.isActive"": true,
  ""userProfile.personalInfo.name.firstName"": ""John"",
  ""userProfile.personalInfo.name.lastName"": ""Doe"",
  ""userProfile.personalInfo.dob"": ""1990-05-15"",
  ""userProfile.personalInfo.details.bio"": ""A sample user for testing purposes."",
  ""userProfile.personalInfo.details.interests.0"": ""coding"",
  ""userProfile.personalInfo.details.interests.1"": ""testing"",
  ""userProfile.personalInfo.details.interests.2"": ""AI"",
  ""userProfile.personalInfo.details.level1.level2.level3.level4.level5.level6.level7.level8.level9.level10.deepestKey"": ""You found me!"",
  ""userProfile.account.type"": ""premium"",
  ""userProfile.account.createdAt"": ""2024-01-10T10:00:00Z"",
  ""userProfile.account.settings.notifications.email"": true,
  ""userProfile.account.settings.notifications.sms"": false,
  ""userProfile.account.settings.theme"": ""dark""
}
```","3415.29","::1","1172","False","","","Mozilla/5.0 (Windows NT 10.0; Win64; x64) AppleWebKit/537.36 (KHTML, like Gecko) Chrome/139.0.0.0 Safari/537.36 Edg/139.0.0.0","success"
"2025-09-01T14:40:37.207367","29e71283-2baf-4356-92ca-04ba3dee6cb3","voice_message","Who is Droplet Movie?","I don't have enough information to answer. Can you provide more context? Are you asking about a specific person, a film production company, or something else?","4246.61","::1","21","True","Auto","","Mozilla/5.0 (Windows NT 10.0; Win64; x64) AppleWebKit/537.36 (KHTML, like Gecko) Chrome/139.0.0.0 Safari/537.36 Edg/139.0.0.0","success"
"2025-09-01T14:40:51.828225","29e71283-2baf-4356-92ca-04ba3dee6cb3","voice_request","","I don't have enough information to answer. Can you provide more context? Are you asking about a specific person, a film production company, or something else?","0","::1","158","True","Kore","","Mozilla/5.0 (Windows NT 10.0; Win64; x64) AppleWebKit/537.36 (KHTML, like Gecko) Chrome/139.0.0.0 Safari/537.36 Edg/139.0.0.0","success"
"2025-09-01T14:40:55.326130","29e71283-2baf-4356-92ca-04ba3dee6cb3","voice_message","Who is Narendra Modi?","Narendra Modi is the current Prime Minister of India.","3476.0","::1","21","True","Auto","","Mozilla/5.0 (Windows NT 10.0; Win64; x64) AppleWebKit/537.36 (KHTML, like Gecko) Chrome/139.0.0.0 Safari/537.36 Edg/139.0.0.0","success"
"2025-09-01T14:41:09.555198","29e71283-2baf-4356-92ca-04ba3dee6cb3","voice_request","","Narendra Modi is the current Prime Minister of India.","0","::1","53","True","Kore","","Mozilla/5.0 (Windows NT 10.0; Win64; x64) AppleWebKit/537.36 (KHTML, like Gecko) Chrome/139.0.0.0 Safari/537.36 Edg/139.0.0.0","success"
"2025-09-01T14:53:55.245837","29e71283-2baf-4356-92ca-04ba3dee6cb3","voice_message","Where is Pune located?","Pune is located in the state of Maharashtra, in India.","4319.81","::1","22","True","Auto","","Mozilla/5.0 (Windows NT 10.0; Win64; x64) AppleWebKit/537.36 (KHTML, like Gecko) Chrome/139.0.0.0 Safari/537.36 Edg/139.0.0.0","success"
"2025-09-01T14:54:03.430382","29e71283-2baf-4356-92ca-04ba3dee6cb3","voice_request","","Pune is located in the state of Maharashtra, in India.","0","::1","54","True","Kore","","Mozilla/5.0 (Windows NT 10.0; Win64; x64) AppleWebKit/537.36 (KHTML, like Gecko) Chrome/139.0.0.0 Safari/537.36 Edg/139.0.0.0","success"
"2025-09-01T15:00:45.671876","2d798201-d272-4447-9522-20839b308b69","voice_message","Who is the President of India?","The current President of India is Droupadi Murmu.","3870.0","::1","30","True","Auto","","Mozilla/5.0 (Windows NT 10.0; Win64; x64) AppleWebKit/537.36 (KHTML, like Gecko) Chrome/139.0.0.0 Safari/537.36 Edg/139.0.0.0","success"
"2025-09-01T15:00:53.197500","2d798201-d272-4447-9522-20839b308b69","voice_request","","The current President of India is Droupadi Murmu.","0","::1","49","True","Kore","","Mozilla/5.0 (Windows NT 10.0; Win64; x64) AppleWebKit/537.36 (KHTML, like Gecko) Chrome/139.0.0.0 Safari/537.36 Edg/139.0.0.0","success"
"2025-09-01T15:02:46.718206","2d798201-d272-4447-9522-20839b308b69","voice_message","Hello. Hello.","Hello! How can I help you today?","3295.71","::1","13","True","Auto","","Mozilla/5.0 (Windows NT 10.0; Win64; x64) AppleWebKit/537.36 (KHTML, like Gecko) Chrome/139.0.0.0 Safari/537.36 Edg/139.0.0.0","success"
"2025-09-01T15:02:54.794347","2d798201-d272-4447-9522-20839b308b69","voice_request","","Hello! How can I help you today?","0","::1","32","True","Kore","","Mozilla/5.0 (Windows NT 10.0; Win64; x64) AppleWebKit/537.36 (KHTML, like Gecko) Chrome/139.0.0.0 Safari/537.36 Edg/139.0.0.0","success"
"2025-09-01T15:10:41.285597","2533c204-9f35-49fb-ac72-9650d0a41e7e","chat","`/play <text to speak on server>`","Okay! I will speak the text you provide on the server. Just let me know what you'd like me to say! üòä","3348.89","::1","33","False","","","Mozilla/5.0 (Windows NT 10.0; Win64; x64) AppleWebKit/537.36 (KHTML, like Gecko) Chrome/139.0.0.0 Safari/537.36 Edg/139.0.0.0","success",""
"2025-09-01T15:11:03.092875","2533c204-9f35-49fb-ac72-9650d0a41e7e","chat","who is prime minister","The current Prime Minister depends on the country you're asking about. Could you please specify which country you're interested in? üòä","3609.33","::1","21","False","","","Mozilla/5.0 (Windows NT 10.0; Win64; x64) AppleWebKit/537.36 (KHTML, like Gecko) Chrome/139.0.0.0 Safari/537.36 Edg/139.0.0.0","success",""
"2025-09-01T15:12:07.135146","ce9687de-4de2-4ff0-a5ed-4afcc006ab9f","chat","`/play <text to speak on server>`","Okay, I can help with that! Just to confirm, you want me to use the `/play` command to make the server speak the text you provide? I'm ready when you are! üëç","2106.9","::1","33","False","","","Mozilla/5.0 (Windows NT 10.0; Win64; x64) AppleWebKit/537.36 (KHTML, like Gecko) Chrome/139.0.0.0 Safari/537.36 Edg/139.0.0.0","success",""
"2025-09-01T15:12:24.076040","ce9687de-4de2-4ff0-a5ed-4afcc006ab9f","chat","draupadi","Okay! I'm ready to use the `/play` command to make the server speak ""draupadi"". üëç","2122.61","::1","8","False","","","Mozilla/5.0 (Windows NT 10.0; Win64; x64) AppleWebKit/537.36 (KHTML, like Gecko) Chrome/139.0.0.0 Safari/537.36 Edg/139.0.0.0","success",""
"2025-09-02T15:36:54.738517","742b8417-f5d6-4590-9036-4866c2346db1","chat","heelo","Hello! How can I help you today?","5875.43","::1","5","False","","","Mozilla/5.0 (Windows NT 10.0; Win64; x64) AppleWebKit/537.36 (KHTML, like Gecko) Chrome/139.0.0.0 Safari/537.36 Edg/139.0.0.0","success",""
"2025-09-02T16:23:03.169165","daf6cb1b-596c-42af-85c4-60aa4b08ef50","chat","Who is Prime Minister of Pakistan?","The current Prime Minister of Pakistan is Anwaar-ul-Haq Kakar.","10957.79","::1","34","False","","","Mozilla/5.0 (Windows NT 10.0; Win64; x64) AppleWebKit/537.36 (KHTML, like Gecko) Chrome/139.0.0.0 Safari/537.36 Edg/139.0.0.0","success",""
"2025-09-02T16:23:22.488504","daf6cb1b-596c-42af-85c4-60aa4b08ef50","chat","Who is Prime Minister of Pakistan?","As of today, October 26, 2023, the Prime Minister of Pakistan is Anwaar-ul-Haq Kakar.","2414.8","::1","34","False","","","Mozilla/5.0 (Windows NT 10.0; Win64; x64) AppleWebKit/537.36 (KHTML, like Gecko) Chrome/139.0.0.0 Safari/537.36 Edg/139.0.0.0","success",""
"2025-09-02T16:23:33.331381","daf6cb1b-596c-42af-85c4-60aa4b08ef50","voice_request","","As of today, October 26, 2023, the Prime Minister of Pakistan is Anwaar-ul-Haq Kakar.","0","::1","85","False","Kore","Failed to generate voice","Mozilla/5.0 (Windows NT 10.0; Win64; x64) AppleWebKit/537.36 (KHTML, like Gecko) Chrome/139.0.0.0 Safari/537.36 Edg/139.0.0.0","error",""
"2025-09-02T16:30:17.931681","01b610a9-7afb-4de3-b4cb-80d4a0194c32","chat","Who is Prime Minister of Pak?","The current Prime Minister of Pakistan is Anwaar-ul-Haq Kakar.","5573.97","::1","29","False","","","Mozilla/5.0 (Windows NT 10.0; Win64; x64) AppleWebKit/537.36 (KHTML, like Gecko) Chrome/139.0.0.0 Safari/537.36 Edg/139.0.0.0","success",""
"2025-09-02T16:30:38.861172","01b610a9-7afb-4de3-b4cb-80d4a0194c32","chat","Who is Prime Minister of Pakistan?","The current Prime Minister of Pakistan is Anwaar-ul-Haq Kakar.","2506.68","::1","34","False","","","Mozilla/5.0 (Windows NT 10.0; Win64; x64) AppleWebKit/537.36 (KHTML, like Gecko) Chrome/139.0.0.0 Safari/537.36 Edg/139.0.0.0","success",""
"2025-09-02T16:45:05.204466","c2a13fa0-c435-44e1-8c53-006828b21d49","chat","Who is Prime Minister of USA?","The U.S. doesn't have a Prime Minister! The President is the head of state and government. Right now, that's Joe Biden.","6102.56","::1","29","False","","","unknown","success",""
"2025-09-02T16:46:14.714570","287ad1d5-6d43-4630-846d-caa653e68188","chat","Who is Prime Minister of USA?","The United States doesn't have a Prime Minister. The head of government is the President.","3139.76","::1","29","False","","","Mozilla/5.0 (Windows NT 10.0; Win64; x64) AppleWebKit/537.36 (KHTML, like Gecko) Chrome/139.0.0.0 Safari/537.36 Edg/139.0.0.0","success",""
"2025-09-02T16:46:42.384448","287ad1d5-6d43-4630-846d-caa653e68188","chat","Prime Minister of USA.","The United States does not have a Prime Minister. The President is the head of government.","2339.09","::1","22","False","","","Mozilla/5.0 (Windows NT 10.0; Win64; x64) AppleWebKit/537.36 (KHTML, like Gecko) Chrome/139.0.0.0 Safari/537.36 Edg/139.0.0.0","success",""
"2025-09-02T16:57:08.116541","220ff160-e77b-46d1-aa85-df9561e7b6b3","voice_request","","The United States doesn't have a Prime Minister. The head of state and head of government is the President.","0","::1","107","False","Nova","Failed to generate voice","unknown","error",""
"2025-09-02T16:57:08.119745","220ff160-e77b-46d1-aa85-df9561e7b6b3","chat","Who is Prime Minister of USA?","The United States doesn't have a Prime Minister. The head of state and head of government is the President.","3966.47","::1","29","True","Nova","","Mozilla/5.0 (Windows NT 10.0; Win64; x64) AppleWebKit/537.36 (KHTML, like Gecko) Chrome/139.0.0.0 Safari/537.36 Edg/139.0.0.0","success",""
"2025-09-02T16:59:53.712564","5dba8210-e938-438b-9095-f366e77fb936","voice_request","","The current Prime Minister of India is Narendra Modi.","0","::1","53","False","Nova","Failed to generate voice","unknown","error",""
"2025-09-02T16:59:53.716121","5dba8210-e938-438b-9095-f366e77fb936","chat","Who is Prime Minister of India?","The current Prime Minister of India is Narendra Modi.","2441.94","::1","31","True","Nova","","Mozilla/5.0 (Windows NT 10.0; Win64; x64) AppleWebKit/537.36 (KHTML, like Gecko) Chrome/139.0.0.0 Safari/537.36 Edg/139.0.0.0","success",""
"2025-09-02T17:06:15.347991","a1c412ec-af9f-4d41-9d4d-231f920f82ec","voice_request","","The U.S. doesn't have a Prime Minister. The President is the head of state and government. Currently, that's Joe Biden.","0","::1","119","False","Nova","Failed to generate voice","unknown","error",""
"2025-09-02T17:06:15.352831","a1c412ec-af9f-4d41-9d4d-231f920f82ec","chat","Who is Prime Minister of USA?","The U.S. doesn't have a Prime Minister. The President is the head of state and government. Currently, that's Joe Biden.","3653.62","::1","29","True","Nova","","Mozilla/5.0 (Windows NT 10.0; Win64; x64) AppleWebKit/537.36 (KHTML, like Gecko) Chrome/139.0.0.0 Safari/537.36 Edg/139.0.0.0","success",""
"2025-09-02T17:23:35.315533","c76fdee3-02e3-4fa9-800a-a03be3d567a2","voice_request","","I am a large language model, trained by Google.","0","::1","47","False","Nova","Failed to generate voice","unknown","error",""
"2025-09-02T17:23:35.319575","c76fdee3-02e3-4fa9-800a-a03be3d567a2","chat","What is your name?","I am a large language model, trained by Google.","4333.21","::1","18","True","Nova","","Mozilla/5.0 (Windows NT 10.0; Win64; x64) AppleWebKit/537.36 (KHTML, like Gecko) Chrome/139.0.0.0 Safari/537.36 Edg/139.0.0.0","success",""
"2025-09-02T17:24:28.779944","a3dd6953-9da5-4c94-ab9d-c70097d22924","voice_request","","The United States doesn't have a Prime Minister. The head of state and head of government is the President.","0","::1","107","False","Nova","Failed to generate voice","unknown","error",""
"2025-09-02T17:24:28.783355","a3dd6953-9da5-4c94-ab9d-c70097d22924","chat","Who is Prime Minister of USA?","The United States doesn't have a Prime Minister. The head of state and head of government is the President.","7438.32","::1","29","True","Nova","","Mozilla/5.0 (Windows NT 10.0; Win64; x64) AppleWebKit/537.36 (KHTML, like Gecko) Chrome/139.0.0.0 Safari/537.36 Edg/139.0.0.0","success",""
